Login reusit user cezara@gmail.com,1748084261447
Adaugare vila user 1,1748084277490
Generare raport user 1,1748084282002
Afisare toate proprietati filtrate dupa locatie bucuresti,1748084293336
Adaugare rezervare,1748084311437
Creare prorpietar nou cezara@gmail.com,1748092047225
Adaugare vila user 1,1748092072380
Adaugare apartament user 1,1748092098435
Adaugare camper user 1,1748092119339
Creare prorpietar nou david@gmail.com,1748092144691
Adaugare vila user 2,1748092169172
Adaugare apartament user 2,1748092189561
Adaugare apartament user 2,1748092218045
Afisare toate proprietati,1748092239303
Afisare toate proprietati,1748092245576
Afisare toate proprietati filtrate dupa locatie bucuresti,1748092254285
Adaugare rezervare,1748092280374
Afisare toate proprietati,1748092290532
Vizualizare proprietate Vila David,1748092295667
Adaugare rezervare,1748092319403
